"Document ID","Document or voucher type","Exact application value","Storage","Number source","Status/type values","Source evidence","Classification","Verification note"
"DT-001","Sales invoice","Sale Invoice","dbo.INVOICE_HEADER; dbo.INVOICE_LINE","dbo.VOUCHER_TYPES","DRAFT; FINAL; CANCELLED","DataAccess/Controllers/InvoiceController.cs:493; InvEntry.Contracts/Invoices/InvoiceStatus.cs:5-7","Mandatory for billing","Exact spacing/case should be preserved"
"DT-002","Estimate","Estimate","dbo.ESTIMATE_HEADER; dbo.ESTIMATE_LINE","dbo.VOUCHER_TYPES","No authoritative lifecycle values proven","DataAccess/Workflows/EstimateWorkflow.cs:38-50","Conditional","Requires one voucher-type row"
"DT-003","Goods receipt note","GRN","dbo.GRN_HEADER; dbo.GRN_LINE; dbo.GRN_LINE_SUMMARY","dbo.VOUCHER_TYPES","Open used in supplier lookup","DataAccess/Controllers/GrnController.cs:54,63-79","Conditional","Number width is hardcoded to four"
"DT-004","Customer order","Customer Order","dbo.CUSTOMER_ORDER; dbo.CUSTOMER_ORDER_LINES","dbo.VOUCHER_TYPES","Status columns exist; required values require investigation","DataAccess/Workflows/CustomerOrderWorkflow.cs:11,783-812","Conditional","Absent from InvEntry.Database project"
"DT-005","Stock transfer","Stock Transfer","dbo.STOCK_TRANSFER_HEADER; dbo.STOCK_TRANSFER_LINE","dbo.VOUCHER_TYPES","ORNAMENT; OLD_METAL; POSTED","DataAccess/Workflows/StockTransferWorkflow.cs:47-60","Conditional","Tables absent from InvEntry.DB project"
"DT-006","Old-metal transfer","OM Transfer","dbo.OLD_METAL_TRANSACTION","dbo.VOUCHER_TYPES","Reference type Stock Transfer","DataAccess/Workflows/OldMetalTransferPostingService.cs:9-13,125-180","Conditional on OLD_METAL transfer","Same transaction number applies to all transfer lines"
"DT-007","Old-metal purchase","OM Purchase","dbo.OLD_METAL_TRANSACTION","dbo.VOUCHER_TYPES","Reference type Sale Invoice","DataAccess/Workflows/InvoiceWorkFlow.cs:2222-2297","Conditional on invoice old metal","Same transaction number applies to all invoice old-metal lines"
"DT-008","Legacy old-gold purchase","OG Purchase","dbo.OLD_METAL_TRANSACTION","dbo.VOUCHER_TYPES","Generated for non-silver/non-diamond billing or estimate","InvEntry.Models/Extensions/OldMetalTransactionExtension.cs:76-87","Legacy/conditional","Confirm route is still enabled"
"DT-009","Legacy old-silver purchase","OS Purchase","dbo.OLD_METAL_TRANSACTION","dbo.VOUCHER_TYPES","Metal OLD SILVER","InvEntry.Models/Extensions/OldMetalTransactionExtension.cs:80-85","Legacy/conditional","Confirm route is still enabled"
"DT-010","Legacy diamond purchase","DIA Purchase","dbo.OLD_METAL_TRANSACTION","dbo.VOUCHER_TYPES","Metal DIAMOND","InvEntry.Models/Extensions/OldMetalTransactionExtension.cs:80-87","Legacy/conditional","Confirm route is still enabled"
"DT-011","Legacy old-gold advance","OG Advance","dbo.OLD_METAL_TRANSACTION","dbo.VOUCHER_TYPES","Customer-order old metal","InvEntry.Models/Extensions/OldMetalTransactionExtension.cs:89-96","Legacy/conditional","Confirm route is still enabled"
"DT-012","Legacy old-silver advance","OS Advance","dbo.OLD_METAL_TRANSACTION","dbo.VOUCHER_TYPES","Customer-order OLD SILVER","InvEntry.Models/Extensions/OldMetalTransactionExtension.cs:89-96","Legacy/conditional","Confirm route is still enabled"
"DT-013","Legacy diamond advance","DIA Advance","dbo.OLD_METAL_TRANSACTION","dbo.VOUCHER_TYPES","Customer-order DIAMOND","InvEntry.Models/Extensions/OldMetalTransactionExtension.cs:89-96","Legacy/conditional","Confirm route is still enabled"
"DT-014","Receipt voucher","Request-defined payment mode","dbo.VOUCHER","dbo.VOUCHER_TYPES","TRANS_TYPE RECEIPT; legacy Advance Receipt filter","DataAccess/Workflows/CustomerOrderWorkflow.cs:456-490; DataAccess/Controllers/VoucherController.cs:64-95","Conditional","Allowed payment-mode vocabulary requires investigation"
"DT-015","GST staged document","SalesInvoice; Estimate; BranchTransfer; CreditNote; DebitNote","dbo.GST_GSTR1_DOCUMENT; dbo.GST_GSTR1_DOCUMENT_LINE","Not a voucher sequence","GSTR categories from classification","InvEntry.Gst.Core/Models/GstEnums.cs:34-41","Conditional on GST","Only SalesInvoice staging was proven end-to-end"
"DT-016","Repair","Requires investigation","EF repair models; table DDL not verified","Requires investigation","Requires investigation","DataAccess/Models/RepairHeader.cs; DataAccess/Models/RepairDetail.cs","Feature-specific","Not safe to infer table/config values"
"DT-017","Stock adjustment","SAN","dbo.PRODUCT_TRANSACTION","None; literal SAN reused","TransactionType Adjustment; reason from STOCK_ADJUSTMENTS","InvEntry/ViewModels/StockAdjustmentViewModel.cs:389-428","Feature-specific / requires investigation","No unique document number or proven summary update"
"DT-018","Workshop issue","WORKSHOP_ISSUE","Generic product transaction stores only; active persistence caller not found","Not verified","StockMovementPurpose WorkshopIssue","DataAccess/Inventory/StockMovementPurpose.cs:18; DataAccess/Inventory/StockMovementService.cs:1183-1184","Not deployment-ready","Enum/string mapping only"
"DT-019","Workshop receipt","WORKSHOP_RECEIPT","Generic product transaction stores only; active persistence caller not found","Not verified","StockMovementPurpose WorkshopReceipt","DataAccess/Inventory/StockMovementPurpose.cs:19; DataAccess/Inventory/StockMovementService.cs:1186-1187","Not deployment-ready","Central service rejects stock-in"
"DT-020","Settlement receipt","Receipt; request payment mode","dbo.VOUCHER; dbo.INVOICE_AR_RECEIPTS","Derived from invoice number, not a separate voucher sequence","Receipt; Outstanding","DataAccess/Workflows/InvoiceWorkFlow.cs:438-500,624-747","Conditional","Ordinary payment-mode vocabulary is not enforced"
"DT-021","Settlement refund","Payment; Refund","dbo.VOUCHER; dbo.INVOICE_AR_RECEIPTS","Derived from invoice number","Refund","DataAccess/Workflows/InvoiceWorkFlow.cs:438-500,749-809","Conditional","Bank/instrument rules require site validation"
"DT-022","Settlement adjustment","Journal; Advance Adj or RD Adj","dbo.VOUCHER; dbo.INVOICE_AR_RECEIPTS","Uses invoice reference","Adjustment modes are excluded from money received","DataAccess/Workflows/InvoiceWorkFlow.cs:1850-1905,2396-2420","Conditional","Exact literals control financial classification"
