"Master ID","Master","Required values or condition","Table and columns","Used by","Source evidence","Classification","Missing consequence","Corrective action"
"MD-001","Voucher types","Exact rows for each enabled document/payment type; unique document type; valid sequence settings","dbo.VOUCHER_TYPES.DOCUMENT_TYPE,DOC_NBR_PREFIX,DOC_NBR_LENGTH,LAST_USED_NUMBER,IS_ACTIVE","All numbered workflows","DataAccess/Services/VoucherNumberService.cs:68-135","Mandatory per workflow","Document creation/finalisation failure","Seed approved rows and reconcile counters"
"MD-002","This company","Exactly one THIS_COMPANY=1 row with name and address link","dbo.ORG_COMPANY.THIS_COMPANY,NAME,ADDRESS_GKEY","Identity; reports; tax","InvEntry.DB/dbo/Views/ORG_THIS_COMPANY_VIEW.sql:2-25","Mandatory","Missing identity/report data","Create one complete row"
"MD-003","Company address","Address row linked to this company; GST_STATE_CODE for tax","dbo.ORG_ADDRESS.GKEY,STATE,CITY,PINCODE,GST_STATE_CODE","Company view; GST defaults","InvEntry.DB/dbo/Tables/ORG_ADDRESS.sql:1-18","Mandatory; GST field conditional","Company view returns no row or wrong tax state","Populate validated address"
"MD-004","GST registration","Supplier GSTIN and state code","dbo.ORG_COMPANY.GST_NBR; dbo.ORG_ADDRESS.GST_STATE_CODE","GSTR-1 and invoice reports","InvEntry.DB/dbo/Views/ORG_THIS_COMPANY_VIEW.sql:19-20","Conditional on GST","Export/printed tax identity invalid","Populate legally verified values"
"MD-005","Stock-transfer destination","Active STOCK_TRANSFER references with code/value","dbo.MTBL_REFERENCES.REF_NAME,REF_CODE,REF_VALUE,IS_ACTIVE","Stock transfer","DataAccess/Workflows/StockTransferWorkflow.cs:569-606","Conditional","Transfer rejected","Seed destinations"
"MD-006","Daily-rate definition","Active DAILY_RATE references","dbo.MTBL_REFERENCES.REF_NAME,REF_CODE,REF_VALUE,IS_ACTIVE","Daily-rate UI","InvEntry/Services/DailyRateDefinitionService.cs:20-46","Conditional","No rate definitions","Seed approved definitions"
"MD-007","Products","Active transaction products have ID, metal, purity, UOM; GST products have HSN/taxability","dbo.PRODUCT.ID,METAL,PURITY,UOM,HSN_CODE,IS_TAXABLE,IS_ACTIVE","Inventory; invoice; GST","InvEntry.DB/dbo/Tables/PRODUCT.sql:1-26","Mandatory for stock","Posting/staging failure or skipped GST lines","Complete product master"
"MD-008","Product category","Rows referenced by products/UI; exact required names not proven","dbo.PRODUCT_CATEGORY.SN,NAME","Catalog/product selection","InvEntry.DB/dbo/Tables/PRODUCT_CATEGORY.sql:1-4","Requires investigation","Empty/invalid selections","Confirm site catalog and seed"
"MD-009","Product group","Rows referenced by catalog; exact required names not proven","dbo.PRODUCT_GROUP.GKEY,GROUP_NAME,PURITY,CATEGORY","Catalog/product selection","InvEntry.DB/dbo/Tables/PRODUCT_GROUP.sql:1-7","Requires investigation","Grouping/filter issues","Confirm site catalog and seed"
"MD-010","Metals","Metal rows consumed by services; exact database values not safely proven","dbo.METALS.GKEY,METAL_NAME","Metal/rate workflows","InvEntry.DB/dbo/Tables/METALS.sql:1-5","Requires investigation","Missing rate/product choices","Align approved values with product literals"
"MD-011","Customers","Transaction customer exists; old-metal destination needs mobile match","dbo.ORG_CUSTOMER.GKEY,MOBILE_NBR","Invoices; orders; old metal","DataAccess/Workflows/OldMetalTransferPostingService.cs:75-87","Mandatory per transaction","Transaction or transfer failure","Load/deduplicate customer records"
"MD-012","Company banks","Account data for bank settlements; IFSC not null in schema","dbo.ORG_BANK_DETAILS.BANK_NAME,BRANCH_NAME,IFSC_CODE,BANK_ACCOUNT_NBR","Noncash settlement","InvEntry.DB/dbo/Tables/ORG_BANK_DETAILS.sql:1-15","Conditional","Incomplete receipt/bank data","Seed verified accounts"
"MD-013","Ledgers","Ledger headers/masters required by accounting paths; exact names not proven","dbo.MTBL_LEDGERS; dbo.LEDGERS_HEADER; dbo.LEDGERS_TRANSACTIONS","Accounting","DataAccess/Models/MijmsContext.cs:1792-1873","Requires investigation","Posting/reporting may fail","Document chart of accounts and validate mappings"
"MD-014","Material receipt suppliers","Active values under exact reference name SUPPLIERS; REF_VALUE becomes SupplierId","dbo.MTBL_REFERENCES.REF_NAME,REF_CODE,REF_VALUE,IS_ACTIVE","GRN/material receipt","InvEntry/ViewModels/GRNViewModel.cs:122-133","Conditional","Supplier selection unavailable","Seed and validate approved suppliers"
"MD-015","Stock-adjustment reasons","Active values under exact reference name STOCK_ADJUSTMENTS","dbo.MTBL_REFERENCES.REF_NAME,REF_CODE,REF_VALUE,IS_ACTIVE","Stock adjustment","InvEntry/ViewModels/StockAdjustmentViewModel.cs:217","Conditional","Adjustment reason selection unavailable","Seed controlled reason vocabulary"
"MD-016","Workshop masters","Worker/job/repair/status/charge masters were not verified in active EF/schema","No verified table or columns","Workshop/repair","DataAccess/Models/RepairHeader.cs:6-36; DataAccess/Models/MijmsContext.cs:18-122","Requires investigation","Workshop cannot be configured reliably","Define authoritative masters without inferring schema"
