"Prerequisite ID","Module","Configuration name","Required value or condition","Database table and column","Source file and line number","Calling workflow","Classification","Consequence when missing","SQL validation query","Suggested corrective action"
"DOC-001","Invoice","Sale Invoice voucher type","Exactly one row; prefix nonnull/allowed empty; positive length; nonnegative last number; active for centralized path","dbo.VOUCHER_TYPES.DOCUMENT_TYPE,DOC_NBR_PREFIX,DOC_NBR_LENGTH,LAST_USED_NUMBER,IS_ACTIVE","DataAccess/Controllers/InvoiceController.cs:551-583; DataAccess/Workflows/InvoiceWorkFlow.cs:2431-2463","Invoice finalisation","Mandatory for billing","Final invoice number generation fails or null dereference","SELECT * FROM dbo.VOUCHER_TYPES WHERE DOCUMENT_TYPE='Sale Invoice';","Seed one validated row and reconcile counter"
"DOC-002","Estimate","Estimate voucher type","Exactly one row with usable prefix, length, and counter","dbo.VOUCHER_TYPES.DOCUMENT_TYPE,DOC_NBR_PREFIX,DOC_NBR_LENGTH,LAST_USED_NUMBER","DataAccess/Workflows/EstimateWorkflow.cs:38-50","Save estimate","Conditional","Estimate save fails/null dereference","SELECT * FROM dbo.VOUCHER_TYPES WHERE DOCUMENT_TYPE='Estimate';","Seed and test numbering"
"DOC-003","GRN","GRN voucher type","Exactly one row; counter present; prefix usable; application forces width 4","dbo.VOUCHER_TYPES.DOCUMENT_TYPE,DOC_NBR_PREFIX,LAST_USED_NUMBER","DataAccess/Controllers/GrnController.cs:63-79","Create GRN","Conditional","GRN creation fails","SELECT * FROM dbo.VOUCHER_TYPES WHERE DOCUMENT_TYPE='GRN';","Seed row; ensure four-digit policy is intended"
"DOC-004","Customer Order","Customer Order voucher type","Exactly one row with counter; prefix; optional positive length","dbo.VOUCHER_TYPES.DOCUMENT_TYPE,DOC_NBR_PREFIX,DOC_NBR_LENGTH,LAST_USED_NUMBER","DataAccess/Workflows/CustomerOrderWorkflow.cs:783-812","Create customer order","Conditional","Order numbering fails","SELECT * FROM dbo.VOUCHER_TYPES WHERE DOCUMENT_TYPE='Customer Order';","Seed row and reconcile schema project"
"DOC-005","Stock Transfer","Stock Transfer voucher type","Exactly one active row; length >0; counter >=0","dbo.VOUCHER_TYPES.DOCUMENT_TYPE,IS_ACTIVE,DOC_NBR_LENGTH,LAST_USED_NUMBER","DataAccess/Workflows/StockTransferWorkflow.cs:180-203; DataAccess/Services/VoucherNumberService.cs:68-135","Create stock transfer","Conditional","Transfer transaction rolls back","SELECT * FROM dbo.VOUCHER_TYPES WHERE DOCUMENT_TYPE='Stock Transfer';","Seed validated row"
"DOC-006","Old Metal Transfer","OM Transfer voucher type","Exactly one active row; length >0; counter >=0","dbo.VOUCHER_TYPES.DOCUMENT_TYPE,IS_ACTIVE,DOC_NBR_LENGTH,LAST_USED_NUMBER","DataAccess/Workflows/OldMetalTransferPostingService.cs:9-13,125-136","Create OLD_METAL stock transfer","Conditional","Old-metal transfer rolls back","SELECT * FROM dbo.VOUCHER_TYPES WHERE DOCUMENT_TYPE='OM Transfer';","Seed validated row"
"DOC-007","Invoice Old Metal","OM Purchase voucher type","Exactly one row with usable counter; length defaults to 4 if invalid","dbo.VOUCHER_TYPES.DOCUMENT_TYPE,DOC_NBR_PREFIX,DOC_NBR_LENGTH,LAST_USED_NUMBER","DataAccess/Workflows/InvoiceWorkFlow.cs:2222-2297,2343-2393","Finalise invoice containing old metal","Conditional","Invoice finalisation rolls back","SELECT * FROM dbo.VOUCHER_TYPES WHERE DOCUMENT_TYPE='OM Purchase';","Seed row and test multi-line shared number"
"DOC-008","Receipts","Payment-mode voucher types","A matching document type for every UI-allowed receipt VoucherType; Advance Receipt if legacy listing used","dbo.VOUCHER_TYPES.DOCUMENT_TYPE; dbo.VOUCHER.VOUCHER_TYPE","DataAccess/Workflows/CustomerOrderWorkflow.cs:456-490; DataAccess/Controllers/VoucherController.cs:64-95","Order advance/legacy voucher","Conditional","Receipt save fails/null dereference","SELECT DISTINCT VOUCHER_TYPE FROM dbo.VOUCHER; SELECT * FROM dbo.VOUCHER_TYPES;","Define allowed payment modes and seed exact matches"
"REF-001","Stock Transfer","Destination reference","Active row with REF_NAME STOCK_TRANSFER and nonblank REF_CODE/REF_VALUE","dbo.MTBL_REFERENCES.REF_NAME,REF_CODE,REF_VALUE,IS_ACTIVE","DataAccess/Workflows/StockTransferWorkflow.cs:56-60,569-606","Create stock transfer","Conditional","Destination lookup/validation fails","SELECT * FROM dbo.MTBL_REFERENCES WHERE REF_NAME='STOCK_TRANSFER';","Seed each destination"
"REF-002","Old Metal Transfer","Destination customer mapping","STOCK_TRANSFER REF_VALUE equals a customer MOBILE_NBR","dbo.MTBL_REFERENCES.REF_VALUE; dbo.ORG_CUSTOMER.MOBILE_NBR","DataAccess/Workflows/OldMetalTransferPostingService.cs:68-87","OLD_METAL transfer posting","Conditional","Transfer rolls back","SELECT r.* FROM dbo.MTBL_REFERENCES r LEFT JOIN dbo.ORG_CUSTOMER c ON c.MOBILE_NBR=r.REF_VALUE WHERE r.REF_NAME='STOCK_TRANSFER' AND c.GKEY IS NULL;","Correct destination reference/customer mapping"
"REF-003","Rates","Daily-rate definitions","Active DAILY_RATE reference rows for enabled daily-rate UI","dbo.MTBL_REFERENCES.REF_NAME,IS_ACTIVE","InvEntry/Services/DailyRateDefinitionService.cs:20-46","Load daily-rate definitions","Conditional","Rate definitions empty","SELECT * FROM dbo.MTBL_REFERENCES WHERE REF_NAME='DAILY_RATE';","Seed approved rate definitions"
"ORG-001","Company","This company","Exactly one THIS_COMPANY=1 row with nonblank NAME and valid address","dbo.ORG_COMPANY.THIS_COMPANY,NAME,ADDRESS_GKEY; dbo.ORG_ADDRESS.GKEY","InvEntry.DB/dbo/Views/ORG_THIS_COMPANY_VIEW.sql:2-25; InvEntry/Services/ApplicationIdentityService.cs:70-85","Application identity/reports/tax","Mandatory","Company unavailable; reports/GST defaults invalid","SELECT c.*,a.* FROM dbo.ORG_COMPANY c LEFT JOIN dbo.ORG_ADDRESS a ON a.GKEY=c.ADDRESS_GKEY WHERE c.THIS_COMPANY=1;","Create exactly one complete company/address"
"GST-001","GST","Supplier GST identity","Nonblank GST_NBR and address GST_STATE_CODE for GST reporting","dbo.ORG_COMPANY.GST_NBR; dbo.ORG_ADDRESS.GST_STATE_CODE","InvEntry.DB/dbo/Views/ORG_THIS_COMPANY_VIEW.sql:19-20; InvEntry/Services/Gstr1ReportService.cs:111","Invoice tax/GSTR-1","Conditional","GST classification/export invalid or rejected","SELECT c.GST_NBR,a.GST_STATE_CODE FROM dbo.ORG_COMPANY c JOIN dbo.ORG_ADDRESS a ON a.GKEY=c.ADDRESS_GKEY WHERE c.THIS_COMPANY=1;","Populate verified GSTIN/state code"
"GST-002","GST","Product GST attributes","Active sold products have HSN_CODE, UOM, taxability; current staging supports Grams=>GMS only","dbo.PRODUCT.HSN_CODE,UOM,IS_TAXABLE,IS_ACTIVE","InvEntry.DB/dbo/Tables/PRODUCT.sql:14-20; DataAccess/Services/Gstr1StagingEnrichmentService.cs:230-269","GSTR-1 staging enrichment","Conditional","Lines skipped or export invalid","SELECT GKEY,ID,HSN_CODE,UOM,IS_TAXABLE FROM dbo.PRODUCT WHERE IS_ACTIVE=1 AND (HSN_CODE IS NULL OR UOM IS NULL);","Complete attributes; implement/approve UQC mappings"
"GST-003","GST","GST staging schema","Both staging tables and required indexes/columns exist","dbo.GST_GSTR1_DOCUMENT; dbo.GST_GSTR1_DOCUMENT_LINE","DataAccess/Models/MijmsContext.cs:1173-1350","Invoice finalisation/GSTR-1","Conditional","Runtime invalid-object errors","SELECT OBJECT_ID('dbo.GST_GSTR1_DOCUMENT'),OBJECT_ID('dbo.GST_GSTR1_DOCUMENT_LINE');","Add reviewed DDL/migration to authoritative database project"
"TECH-001","API","SQL connection","Reachable SQL Server/database with service-account permissions","Configuration ConnectionStrings:DefaultConnection","DataAccess/Program.cs:15-17,85; DataAccess/appsettings.json:7-9","API startup/all data access","Mandatory","API cannot start/query","SELECT DB_NAME() AS DatabaseName, ORIGINAL_LOGIN() AS LoginName;","Inject environment connection string and least privilege"
"TECH-002","WPF","API base address","Release endpoint currently http://localhost:8500 and reachable from client","Not database-backed","InvEntry/Bootstrapper.cs:224-230; InvEntry/Services/MijmsApiService.cs:81-83","All WPF services","Mandatory","Client cannot operate","Requires investigation (network probe, not SQL)","Make endpoint configuration-driven; deploy HTTPS"
"TECH-003","API Security","JWT key","Strong external nonblank signing key; rotate committed value","Not database-backed","DataAccess/Program.cs:15-40; DataAccess/appsettings.json:26-28","Authentication","Mandatory","Startup exception or compromised tokens","Requires investigation (secret-store check, not SQL)","Rotate and inject secret"
"TECH-004","Barcode","Label printer mode/queue","Simulation explicitly configured when no device; physical queue exact name Bar Code Printer TT065-50 with RAW ZPL","Not database-backed","InvEntry/Services/Printing/LabelPrinterFactory.cs:7-19; InvEntry.Utils/BarCodePrint.cs:20-66","Barcode label print","Conditional","Jobs fail or unintentionally hit printer","Requires investigation (Windows printer check, not SQL)","Provision queue or force Simulation"
"TECH-005","Reports","Filesystem paths","Service/user can write C:\\Madrone\\Logs, C:\\Madrone\\Invoice and (for estimates) D:\\Madrone\\Invoice","Not database-backed","DataAccess/appsettings.json:21; InvEntry/Bootstrapper.cs:88-92; InvEntry/ViewModels/InvoiceViewModel.cs:2221; InvEntry/ViewModels/EstimateViewModel.cs:1017","Logging/PDF export","Mandatory for logging; conditional for PDF","I/O exceptions or missing artifacts","Requires investigation (filesystem check, not SQL)","Create paths/ACLs; make paths configurable and consistent"
"TECH-006","Build","SSDT and private packages","VS/SSDT targets, .NET 9 SDK/runtime, DevExpress 24.2.14 feed entitlement","Not database-backed","InvEntry.DB/InvEntry.DB.sqlproj:59; Directory.Build.props:3-5; Nuget.config:18-21","Clean build/publish","Mandatory","Solution/database build fails","Requires investigation (build-agent check, not SQL)","Provision clean build agent and rotate feed credential"
"SCHEMA-001","Database","Authoritative schema","Reconcile two SQL projects and all EF mapped objects","Multiple objects","DataAccess/Models/MijmsContext.cs:130-3489","All workflows","Mandatory","Invalid object/column runtime errors","SELECT name,type_desc FROM sys.objects WHERE schema_id=SCHEMA_ID('dbo');","Choose one project; add migrations/DDL and CI drift check"
"SEQ-001","Numbering","Voucher type uniqueness","Exactly one row per DOCUMENT_TYPE","dbo.VOUCHER_TYPES.DOCUMENT_TYPE","DataAccess/Services/VoucherNumberService.cs:68-70; InvEntry.DB/dbo/Tables/VOUCHER_TYPES.sql:1-16","All numbered documents","Mandatory","Ambiguous selection/duplicate numbers","SELECT DOCUMENT_TYPE,COUNT(*) FROM dbo.VOUCHER_TYPES GROUP BY DOCUMENT_TYPE HAVING COUNT(*)<>1;","Clean duplicates and add reviewed unique constraint"
"SEQ-002","Numbering","Financial-year reset policy","No FY column/reset behavior was verified","dbo.VOUCHER_TYPES (no proven FY column)","InvEntry.DB/dbo/Tables/VOUCHER_TYPES.sql:1-16","All numbered documents","Requires investigation","Sequence may violate business/statutory policy","SELECT COL_LENGTH('dbo.VOUCHER_TYPES','FINANCIAL_YEAR') AS FinancialYearColumn;","Document policy before go-live; implement only after approval"
"MAT-001","Material Receipt","Supplier reference master","At least one approved active SUPPLIERS reference; REF_VALUE is stored as SupplierId","dbo.MTBL_REFERENCES.REF_NAME,REF_VALUE,IS_ACTIVE","InvEntry/ViewModels/GRNViewModel.cs:122-133","Create GRN/material receipt","Conditional","Supplier selection is empty or invalid","SELECT * FROM dbo.MTBL_REFERENCES WHERE REF_NAME='SUPPLIERS';","Seed approved supplier references and validate ownership model"
"MAT-002","Material Receipt","Receipt status and transaction literals","Exact values Open, GRN, and Stock Receipt are consumed/stored","dbo.GRN_HEADER.STATUS; dbo.PRODUCT_TRANSACTION.DOCUMENT_TYPE,VOUCHER_TYPE","InvEntry/ViewModels/GRNViewModel.cs:109-112,382-386; DataAccess/Controllers/GrnController.cs:51-55","Create/list material receipt","Conditional","Receipts omitted from filters or inconsistent history","SELECT DISTINCT STATUS FROM dbo.GRN_HEADER; SELECT DISTINCT DOCUMENT_TYPE,VOUCHER_TYPE FROM dbo.PRODUCT_TRANSACTION WHERE DOCUMENT_TYPE='GRN';","Confirm approved vocabulary and normalize existing rows"
"MAT-003","Material Receipt","Atomic stock-in integration","GRN currently performs multiple client/API operations; centralized service rejects Direction.In","dbo.GRN_HEADER; dbo.GRN_LINE_SUMMARY; dbo.PRODUCT_STOCK_SUMMARY; dbo.PRODUCT_STOCK; dbo.PRODUCT_TRANSACTION; dbo.PRODUCT_TRANSACTION_SUMMARY","InvEntry/ViewModels/GRNViewModel.cs:210-231,298-349,355-578; DataAccess/Inventory/StockMovementService.cs:183-207","Post material receipt","Requires investigation","Partial receipt, stale balance, or missing transaction history","Cross-table reconciliation query requires an approved business key; investigation required","Keep feature gated until transactional reconciliation test passes"
"ADJ-001","Stock Adjustment","Adjustment reason master","Active values under exact REF_NAME STOCK_ADJUSTMENTS","dbo.MTBL_REFERENCES.REF_NAME,REF_VALUE,IS_ACTIVE","InvEntry/ViewModels/StockAdjustmentViewModel.cs:217","Apply stock adjustment","Conditional","Reason selection empty","SELECT * FROM dbo.MTBL_REFERENCES WHERE REF_NAME='STOCK_ADJUSTMENTS';","Seed approved reason codes"
"ADJ-002","Stock Adjustment","Adjustment document identity","Current code reuses literal SAN for document number, type, and voucher type; no sequence exists","dbo.PRODUCT_TRANSACTION.DOCUMENT_NBR,DOCUMENT_TYPE,VOUCHER_TYPE","InvEntry/ViewModels/StockAdjustmentViewModel.cs:389-428","Apply stock adjustment","Requires investigation","Adjustments cannot be uniquely traced by document number","SELECT DOCUMENT_NBR,COUNT(*) FROM dbo.PRODUCT_TRANSACTION WHERE DOCUMENT_TYPE='SAN' GROUP BY DOCUMENT_NBR HAVING COUNT(*)>1;","Define approved adjustment document/numbering policy before enablement"
"WS-001","Workshop","Workshop posting workflow","WorkshopIssue/WorkshopReceipt labels exist, but no active caller was found","dbo.PRODUCT_TRANSACTION and dbo.PRODUCT_TRANSACTION_SUMMARY are the generic movement stores; exact workshop schema requires investigation","DataAccess/Inventory/StockMovementPurpose.cs:18-19; DataAccess/Inventory/StockMovementService.cs:1183-1187","Workshop issue/receipt","Requires investigation","Feature cannot safely post or reconcile stock","SELECT DISTINCT TRANSACTION_TYPE,DOCUMENT_TYPE FROM dbo.PRODUCT_TRANSACTION WHERE TRANSACTION_TYPE IN ('WORKSHOP_ISSUE','WORKSHOP_RECEIPT');","Keep disabled; specify workflow, numbering, masters, and idempotency"
"WS-002","Workshop/Repair","Repair persistence schema","RepairHeader, RepairDetail, GoldLedger, and Charge are not mapped in MijmsContext and matching project DDL was not found","No verified table/column mapping; do not infer names","DataAccess/Models/RepairHeader.cs:6-36; RepairDetail.cs:6-24; GoldLedger.cs:6-22; Charge.cs:6-16; DataAccess/Models/MijmsContext.cs:18-122","Repair/workshop","Requires investigation","Runtime persistence is unavailable/unverifiable","Requires investigation; no safe SQL query without verified table names","Identify authoritative schema or remove feature from deployment scope"
"WS-003","Supplier Metal","Controller/model readiness","SupplierMetalTransaction is not mapped by MijmsContext; controller GET routes conflict","No verified table/column mapping; do not infer names","DataAccess/Controllers/SupplierMetalTransactionController.cs:31-53; DataAccess/Models/SupplierMetalTransaction.cs:6-56","Supplier metal/workshop API","Requires investigation","DI/runtime mapping failure or ambiguous endpoint","Requires investigation; no safe SQL query without verified table name","Keep endpoint disabled; reconcile EF mapping/schema/routes"
"PAY-001","Invoice Settlement","Special payment modes","Exact special values Advance Adj, RD Adj, and Credit; all other modes are treated as cash receipt modes","dbo.VOUCHER.MODE,TRANS_TYPE,VOUCHER_TYPE; dbo.INVOICE_AR_RECEIPTS.MODE_OF_RECEIPT,TRANSACTION_TYPE,STATUS","DataAccess/Workflows/InvoiceWorkFlow.cs:2396-2428,438-500,690-809","Finalise invoice settlements","Conditional","Adjustments can be misclassified as money or receivables","SELECT DISTINCT MODE,TRANS_TYPE,VOUCHER_TYPE FROM dbo.VOUCHER; SELECT DISTINCT MODE_OF_RECEIPT,TRANSACTION_TYPE,STATUS FROM dbo.INVOICE_AR_RECEIPTS;","Approve controlled vocabulary and validate UI/server consistently"
"PAY-002","Invoice Settlement","Ordinary payment modes","Suggested modes CASH, UPI, CARD, NEFT, IMPS, RTGS, CHEQUE, DD are documented but not enforced","dbo.VOUCHER.MODE; dbo.INVOICE_AR_RECEIPTS.MODE_OF_RECEIPT","InvEntry.Contracts/Invoices/InvoiceSettlementSaveModel.cs:6-40","Receipt/refund entry","Requires investigation","Arbitrary or inconsistent modes corrupt reporting","SELECT DISTINCT MODE FROM dbo.VOUCHER; SELECT DISTINCT MODE_OF_RECEIPT FROM dbo.INVOICE_AR_RECEIPTS;","Define and seed/validate site-approved modes"
"PAY-003","Invoice Settlement","Receipt reference derivation","Invoice beginning B maps to R plus suffix; otherwise R- plus invoice number","dbo.INVOICE_AR_RECEIPTS.INVOICE_RECEIPT_NBR,INVOICE_NBR","DataAccess/Workflows/InvoiceWorkFlow.cs:624-639","Create invoice receivable/refund records","Conditional","Unexpected or duplicate receipt references","SELECT INVOICE_RECEIPT_NBR,COUNT(*) FROM dbo.INVOICE_AR_RECEIPTS GROUP BY INVOICE_RECEIPT_NBR HAVING COUNT(*)>1;","Validate derivation against numbering policy and existing data"
