"Technical ID","Area","Setting","Required condition","Source evidence","Classification","Validation","Corrective action"
"TC-001","Runtime",".NET 9 Windows Desktop/API runtime","Installed for framework-dependent net9.0/net9.0-windows outputs","InvEntry/InvEntry.csproj:3-7; DataAccess/DataAccess.csproj:3-7","Mandatory","Run dotnet --info and launch published outputs","Provision supported runtime"
"TC-002","Build","Visual Studio SSDT","Microsoft.Data.Tools.Schema.SqlTasks.targets available","InvEntry.DB/InvEntry.DB.sqlproj:59","Mandatory for database build","Clean Release build on deployment agent","Install VS Build Tools database workload"
"TC-003","Packages","DevExpress 24.2.14 private feed","Authorized restore without committed token","Directory.Build.props:3-5; Nuget.config:18-21","Mandatory for clean build","Clear caches and restore on clean agent","Rotate token and use secure NuGet config"
"TC-004","Database","DefaultConnection","Reachable SQL Server, correct catalog, least-privilege service identity","DataAccess/Program.cs:17,85; DataAccess/appsettings.json:7-9","Mandatory","Connect and run validation SQL","Inject environment configuration"
"TC-005","API","WPF mijms BaseAddress","Production client currently targets http://localhost:8500","InvEntry/Bootstrapper.cs:224-230","Mandatory","Call API from deployed client host","Make configurable and enable HTTPS"
"TC-006","Authentication","Jwt:Key","Nonblank strong external secret; committed key rotated","DataAccess/Program.cs:15-40; DataAccess/appsettings.json:26-28","Mandatory","Authenticate and reject invalid/expired token","Use secret store/environment"
"TC-007","Logging","API log path","Writable C:\\Madrone\\Logs","DataAccess/appsettings.json:12-23","Mandatory operationally","Start service and confirm rolling log","Create folder/ACL or configure path"
"TC-008","Logging","WPF log path","Writable C:\\Madrone","InvEntry/Bootstrapper.cs:88-92","Mandatory operationally","Launch client and confirm log","Create folder/ACL or configure path"
"TC-009","Reports","Invoice PDF folder","Writable C:\\Madrone\\Invoice","InvEntry/ViewModels/InvoiceViewModel.cs:2221","Conditional","Export sample invoice","Create/configure folder"
"TC-010","Reports","Estimate PDF folder","Writable D:\\Madrone\\Invoice","InvEntry/ViewModels/EstimateViewModel.cs:1017","Conditional","Export sample estimate","Remove drive dependency; configure folder"
"TC-011","Barcode","LabelPrinting:Mode","Exactly Simulation when physical printing is not intended","InvEntry/Services/Printing/LabelPrinterFactory.cs:7-19","Conditional","Simulation smoke test","Set explicitly per environment"
"TC-012","Barcode","Windows printer queue","Exact name Bar Code Printer TT065-50 and RAW ZPL support","InvEntry.Utils/BarCodePrint.cs:20-66; InvEntry.Utils/RawPrinterHelper.cs:9-28","Conditional","Print and scan physical test label","Provision queue/driver/device"
"TC-013","OCR","Tesseract/Ghostscript/assets","tessdata/eng.traineddata and native Ghostscript usable from working directory","InvEntry/InvEntry.csproj:81-86; InvEntry.Utils/PdfOcrReader.cs:13-27","Conditional","Import known PDF","Package and verify native dependencies"
"TC-014","Document import","Config JSON","Expected Config/{doctype}-fields.json and mapping JSON present","InvEntry.Utils/DocumentParser.cs:53-57; InvEntry/Mappers/HybridMapper.cs:18-21","Conditional","Import each supported document","Deploy and version reviewed mappings"
"TC-015","Tally","TallyConfig:BaseAddress","Reachable Tally HTTP listener; default localhost:9000","InvEntry/appsettings.json:11-13; InvEntry.Tally/TallyConfig.cs:12-23","Conditional","Post test request to intended company","Configure endpoint/company"
"TC-016","Browser session","Node/npx and browser-data","npx path exists and process identity can write browser-data","DataAccess/Controllers/SessionController.cs:19-54","Conditional","Start/stop session smoke test","Install/configure dependency and ACL"
"TC-017","Reports","Crystal Reports machine reference","Referenced SAP assembly path exists if project/runtime uses it","InvEntry.Reports/InvEntry.Reports.csproj:7","Requires investigation","Clean build and report launch on deployment host","Package dependency or remove stale reference"
"TC-018","Feature gating","Workshop/repair","Feature remains unavailable until active workflow and authoritative schema exist","DataAccess/Inventory/StockMovementPurpose.cs:18-19; DataAccess/Models/MijmsContext.cs:18-122","Mandatory deployment decision","Confirm menus/endpoints are inaccessible at target site","Disable operational access and document exclusion"
"TC-019","Feature verification","Material receipt consistency","Validate header, summaries, stock balances, tagged items, and transaction history after a test receipt","InvEntry/ViewModels/GRNViewModel.cs:210-231,298-349,355-578","Conditional","Run controlled receipt then reconcile all affected tables","Do not enable until reconciliation passes"
